Unnamed: 0,Algorithm,ProofType,TotalCoinsMined,TotalCoinSupply,PC 1,PC 2,PC 3,CoinName,class
42,Scrypt,PoW/PoS,41.99995383,42,-0.33473339086573034,0.9106789825719188,-0.5844234342629894,42 Coin,0
404,Scrypt,PoW/PoS,1055184902.04,532000000,-0.3180713826267023,0.9111958510319934,-0.5849164102585309,404Coin,0
1337,X13,PoW/PoS,29279424622.5027,314159265359,2.3119148069873194,1.6935031949568267,-0.7468509972668977,EliteCoin,0
BTC,SHA-256,PoW,17927175.0,21000000,-0.14322870342572896,-1.2563014495387335,0.17635144646553852,Bitcoin,2
ETH,Ethash,PoW,107684222.6865,0,-0.14581201321547302,-2.010384677037737,0.3876880821810688,Ethereum,2
LTC,Scrypt,PoW,63039243.30000489,84000000,-0.1661038772463007,-1.1601861754749097,0.00545172607503587,Litecoin,2
DASH,X11,PoW/PoS,9031294.37563393,22000000,-0.3981810703936411,1.1209694654064566,-0.5032720836167248,Dash,0
XMR,CryptoNight-V7,PoW,17201143.1449131,0,-0.1485439513076834,-2.127471054930056,0.43593431242157293,Monero,2
ETC,Ethash,PoW,113359703.0,210000000,-0.14425339025208248,-2.010443493508865,0.38765787996111173,Ethereum Classic,2
ZEC,Equihash,PoW,7383056.25,21000000,-0.15184746669334484,-2.0513437401705534,0.3222463962564814,ZCash,2
BTS,SHA-512,PoS,2741570000.0,3600570502,-0.2690470451784149,1.9503095187733834,-0.08611489630759697,Bitshares,0
DGB,Multiple,PoW,11406219141.0,21000000000,0.15591155750251653,-1.7699168029480805,0.38359085520697744,DigiByte,2
BTCD,SHA-256,PoW/PoS,1288862.0,22000000,-0.31068861812658805,0.8145681177661095,-0.4135535860144227,BitcoinDark,0
XPY,SHA-256,PoS,11995334.8847328,12500000,-0.26598201997831095,0.7773635789271526,-0.11639445910161988,PayCoin,0
PRC,Scrypt,PoW,5768310.0,21000000,-0.16725023291344754,-1.1602040810893035,0.005483021580369107,ProsperCoin,2
KOBO,X15,PoW/PoS,25542535.5881841,350000000,-0.23665340859005365,1.8997182924650067,-0.6957929029031196,KoboCoin,0
SPR,X11,PoW,11149733.9976203,20000000,-0.2309056083907838,-0.9499090938127044,0.08663889178449773,Spreadcoin,2
ARG,Scrypt,PoW,12205795.444954902,64000000,-0.16686664754234357,-1.1602127494777912,0.0054747264567111,Argentum,2
AUR,Scrypt,PoW/PoS,18135099.992959,16768584,-0.33439294979499223,0.9106855982774382,-0.5844329210582291,Aurora Coin,0
BLU,Scrypt,PoW/PoS,635423900.0,0,-0.32697166443324555,0.9110855034904807,-0.5846776898337398,BlueCoin,0
XMY,Multiple,PoW,1688254250.0,2000000000,-0.09753965216710046,-1.7704839948047364,0.39000647087193235,MyriadCoin,2
MOON,Scrypt,PoW,88.0,384000000000,2.5558158718887913,-1.2743911230116152,-0.045586180129671465,MoonCoin,2
ZET,SHA-256,PoW,170204389.754849,169795588,-0.1403133895835895,-1.2562482753118924,0.1762707242565261,ZetaCoin,2
SXC,Scrypt,PoW,128940951.183046,250000000,-0.16412163173897124,-1.1601933771873956,0.005403277473603299,SexCoin,2
QTL,Scrypt,PoW,7357794.7925,100000000,-0.16667055804073008,-1.160226556325666,0.0054718780974691295,Quatloo,2
ENRG,Scrypt,PoW/PoS,123062801.128773,0,-0.3332301748536963,0.9107577136293832,-0.5844726760231214,EnergyCoin,0
QRK,Quark,PoW,259557164.91477,247000000,-0.22531338126354153,-0.3816895136602516,0.047968395993009866,QuarkCoin,2
RIC,Groestl,PoW,49548585.14129171,84000000,-0.20156860674997307,-1.0759067977459944,0.13906049814031113,Riecoin,2
DGC,Scrypt,PoW,33442988.3440364,48166000,-0.16671952739403384,-1.1601944541631457,0.005468334721103036,Digitalcoin ,2
BTB,Scrypt,PoW/PoS,42579.476901,500000,-0.3347293256220268,0.910678861113953,-0.5844235177811509,BitBar,0
CAT,Scrypt,PoW,7219956.64626131,21000000 ,-0.16723250099413806,-1.1602031523789593,0.005482440725164999,Catcoin,2
CBX,Scrypt,PoW/PoS,1039116.65144562,1000000,-0.3347136069376693,0.9106793499775592,-0.5844239830339453,CryptoBullion,0
CCN,Scrypt,PoW,4703879.51824446,13140000,-0.1673189772224422,-1.16020242475463,0.005484492923817824,CannaCoin,2
CRYPT,X11,PoW,4996986.20575291,18000000,-0.23099494821901523,-0.9499124353778591,0.08664161972865937,CryptCoin,2
CSC,Scrypt,PoC,39999997299.8568,40000000000,0.6810100648324793,0.42027559280206633,-0.043999244877562384,CasinoCoin,0
DMD,Groestl,PoW/PoS,3304487.74735637,4380000,-0.3699619053554761,0.9949678027304383,-0.4508219650739292,Diamond,0
XVG,Multiple,PoW,15929530669.1206,16555000000,0.17964053286905612,-1.765701149888763,0.38237212981983804,Verge,2
DVC,SHA-256,PoW,18773857500.0,21000000000,0.2346564486577889,-1.250540591233952,0.16605620206436966,DevCoin,2
EAC,Scrypt,PoW,12539015186.821999,13500000000,0.08143543303831761,-1.1561940021372996,-0.0013247619434158763,EarthCoin,2
EFL,Scrypt,PoW,20910478.806249898,21000000 ,-0.16706527074229344,-1.1601943936844232,0.005476962662674396,E-Gulden,2
EMC2,Scrypt,PoW,218871896.499999,299792458,-0.16266999920166575,-1.160150649383658,0.005360670223760122,Einsteinium,2
EMD,Scrypt,PoW,19496786.31025,32000000,-0.1670045282678387,-1.160198569169239,0.005476065265110862,Emerald,2
EXCL,PoS,PoS,5679705.0,0,-0.36023534279490466,1.9389190690604974,-0.1462622472470126,Exclusive Coin,0
FLT,Scrypt,PoS/PoW/PoT,461829905.32892996,0,-0.30408492091299055,0.03874860471547273,-0.22241020424799376,FlutterCoin,0
FRK,Scrypt,PoW,1142732.14912776,11235813,-0.16737598105719134,-1.1602041368005673,0.005486171133217268,Franko,2
FTC,NeoScrypt,PoW,208669093.00773,336000000,-0.170078208041895,-1.580399793442397,0.29217684058706866,FeatherCoin,2
GDC,Scrypt,PoW,884125802.0,1420609614,-0.14659518609742303,-1.1600583402920508,0.004945403186129815,GrandCoin,2
GLC,Scrypt,PoW,65672720.470874794,70000000,-0.1661709956722133,-1.1601803275103237,0.005452534411569767,GlobalCoin,2
GLD,Scrypt,PoW,41658647.9999715,72245700,-0.16644840223016558,-1.1601963586351338,0.005461844600372855,GoldCoin,2
HBN,Scrypt,PoW/PoS,89266933.684704,120000000,-0.3327919659504843,0.910700408022613,-0.5844751138200145,HoboNickels,0
HYP,X11,PoS,1678520090.7713,0,-0.3333010313318178,1.0848298718391072,-0.20677503164899844,HyperStake,0
IFC,Scrypt,PoW,90595753018.6314,90600000000,1.5816861368107311,-1.1291832907178476,-0.0428127879391427,Infinite Coin,2
IOC,X11,PoW/PoS,17650913.974345602,22000000,-0.3980757814105438,1.120974979923304,-0.503275532631619,IOCoin,0
IXC,SHA-256,PoW,21089348.999,21000000,-0.14319007734937841,-1.2562994264956502,0.17635018116779516,IXcoin,2
KGC,Scrypt,PoW,151447649.8,265420800,-0.16373734894787612,-1.16018356389001,0.005392220687983831,KrugerCoin,2
LKY,Scrypt,PoW,19326319.14375,20000000,-0.1670917132024708,-1.1601951098030003,0.005477729547023611,LuckyCoin,2
LTB,Scrypt,PoW,1104344.22938102,1350000,-0.16744655905859587,-1.160201221627991,0.005487501365998391,Litebar ,2
MAX,SHA3,PoW/PoS,61445805.0,100000000,-0.4104305594284704,1.5091894212679453,-0.40783486764831317,MaxCoin,0
MEC,Scrypt,PoW,38151999.993099704,42000000,-0.16670573522608287,-1.1601896079343494,0.005467270593845811,MegaCoin,2
MED,HybridScryptHash256,PoW,40431856.9,200000000,-0.1417362801522344,-2.188400978046747,0.4032420407737974,MediterraneanCoin,2
MINT,Scrypt,PoS,21293925445.4969,0,-0.029984086749401492,0.887087842519623,-0.2957817401127041,MintCoin,0
MINC,Scrypt,PoW,5804204.88794916,10000000,-0.1673278052383848,-1.160200787068923,0.005484470283522544,MinCoin,2
MZC,SHA-256,PoW/PoS,1613836099.99999,2419200000,-0.27399061489021165,0.8148869140697046,-0.41451766521663275,MazaCoin,0
NAUT,Scrypt,PoS,16180000.0,16180000,-0.28977781446788753,0.8734703090514493,-0.2872699130737338,Nautilus Coin,0
NAV,X13,PoW/PoS,66087096.20771079,0,-0.27290996270395157,1.7682347168858854,-0.6933766405669097,NavCoin,0
NOBL,Scrypt,PoW,2366066305.76482,15000000000,-0.03218969269853086,-1.1631483352639442,0.0025462859784811617,NobleCoin,2
NMC,SHA-256,PoW,14736400.0,21000000,-0.14326767886440056,-1.2563034908796844,0.17635272320755147,Namecoin,2
NYAN,Scrypt,PoW,334709223.48313797,337000000,-0.16099117005259075,-1.16008760526537,0.005309370782960492,NyanCoin,2
OPAL,X13,PoW/PoS,15156364.3306548,0,-0.273532083541923,1.7682021332694393,-0.6933562613783986,OpalCoin,0
ORB,NeoScrypt,PoW/PoS,3220616.279225,3770000,-0.34220767638812055,0.49044807222201897,-0.29760832067503956,Orbitcoin,0
POT,Scrypt,PoW/PoS,222677226.014206,420000000,-0.3290347873349348,0.9106965484180976,-0.5845683977991619,PotCoin,0
PXC,Scrypt,PoW/PoS,73959274.625,98000000,-0.333134971156148,0.9106971568554234,-0.584466062551874,PhoenixCoin,0
RDD,Scrypt,PoW/PoS,29315567169.0888,0,0.023357382610043477,0.9294340084787328,-0.5961536302859508,Reddcoin,0
RPC,Scrypt,PoW,1104157.42169891,21000000,-0.16730720571559465,-1.1602070650432554,0.005484887872902785,RonPaulCoin,2
SBC,Scrypt,PoW,24215181.725,250000000,-0.16540086101864687,-1.1602603768981452,0.0054451819607196595,StableCoin,2
SMC,Scrypt,PoW,25593737.1355044,51200000,-0.1667938895056243,-1.1602003780432764,0.005471071944139399,SmartCoin,2
SUPER,X11,PoS,50707661.74935179,0,-0.353184822415913,1.0837884570806933,-0.2061236862799202,SuperCoin,0
SYNC,X11,PoW/PoS,1177.0,1000,-0.39844738809562946,1.120970230083096,-0.5032655443482139,SyncCoin,0
SYS,SHA-256,PoW,563336541.299966,888000000,-0.13041783912618404,-1.2562103353048821,0.17601789267385162,SysCoin,2
TES,Multiple,PoS,80260463.7331396,100000000,-0.2532765252929912,0.2627185660910625,0.09815318783783183,TeslaCoin,0
TGC,SHA-256,PoW,43536800.0,47011968,-0.14273140687910052,-1.2562928005850083,0.17633773940038316,TigerCoin,2
TIT,PHI1612,PoS,1622326490.46336,2300000000,-0.31754026630766624,1.7861327252372818,-0.2319642904334922,TittieCoin,0
TOR,X11,PoW/PoS,1431851.00002479,10000000,-0.39835900055682466,1.1209681719858722,-0.5032674467384852,TorCoin,0
TRC,SHA-256,PoW,22935396.0,42000000,-0.14301859813922266,-1.2563044902059586,0.17634664937310932,TerraCoin,2
UNB,SHA-256,PoW,2278150.0,80000000,-0.14300143539561888,-1.256329005967328,0.17634986084050305,UnbreakableCoin,2
UNO,SHA-256,PoW,200911.79151896,250000,-0.1435923871119484,-1.2563066197511772,0.17636129924530639,Unobtanium,2
URO,X11,PoW,1207310.0,0,-0.23116889326633241,-0.9499095072365338,0.08664553022019318,UroCoin,2
USDE,Scrypt,PoW/PoS,1098952592.6,1600000000,-0.30996262083352244,0.9109062621821138,-0.5850759736656324,UnitaryStatus Dollar,0
UTC,Scrypt,PoW/PoS,50235211.141939,100000000,-0.33341057772042343,0.9106813843312385,-0.5844568357263586,UltraCoin,0
VIA,Scrypt,PoW,23150892.167968698,23000000,-0.16702372022877227,-1.160193555087511,0.005475800181994911,ViaCoin,2
VRC,Scrypt,PoST,32021108.413669605,0,-0.2737158071166177,0.056203401596764214,-0.3451768417500281,VeriCoin,0
VTC,Lyra2REv2,PoW,51173723.81663471,84000000,-0.19384597323363192,-1.1654050109313874,0.2636915638637202,Vertcoin,2
WDC,Scrypt,PoW,119606941.0,265420800,-0.16412628442377067,-1.1602039344090402,0.005404961282572956,WorldCoin,2
XC,X11,PoW/PoS,6950831.0970606,5500000,-0.39832349950571644,1.1209730409864873,-0.5032690565507784,X11 Coin,0
XCR,Multiple,PoS,100000000.0,0,-0.25374459503306407,0.2627609315972774,0.09815858995040819,Crypti,0
XJO,SHA-256,PoW,39195739.362088,45000000,-0.1427987017551809,-1.2562949795401828,0.17633974401620567,JouleCoin,2
XST,X13,PoW/PoS,33093725.4123502,0,-0.27331297799020865,1.7682136089359375,-0.6933634387514584,StealthCoin,0
ZCC,Scrypt,PoW/PoS,147990237.978331,1000000000,-0.32583379595304024,0.910476292549738,-0.5846156563700586,ZCC Coin,0
BCN,CryptoNight,PoW,184066828814.0,184467440735,3.86370106338186,-2.141439946075156,0.322255311543654,ByteCoin,2
XDN,CryptoNight,PoW,6906587610.38292,10000000000,0.46237816352028027,-2.202899415148839,0.41634861054006195,DigitalNote ,2
BURST,Shabal256,PoC,1813033920.0,2158812800,0.05002770347960818,0.9192012796352826,0.5714672102098572,BurstCoin,0
SJCX,Counterparty,PoS,51173144.0,500000000,-0.3462494255779955,1.6936863926786534,-0.18321765716924346,StorjCoin,0
MONA,Scrypt,PoW,68194674.8711679,105120000,-0.1658911227503203,-1.1601891576464556,0.005446854117730171,MonaCoin,2
NTRN,SHA-256,PoW/PoS,39121694.0,68000000,-0.3099002617285286,0.8145786428639811,-0.4135748425454635,Neutron,0
FAIR,Groestl,PoW/PoS,53193831.0,0,-0.36938356759454544,0.995001022579677,-0.4508413449997243,FairCoin,0
NLG,Scrypt,PoW,415032420.0,1680000000,-0.15048561179673753,-1.1604355836453677,0.005098603574831161,Gulden,2
RBY,Scrypt,PoS,27184490.3918338,0,-0.28975814096580316,0.8734821607474829,-0.28727216432280833,RubyCoin,0
PTC,Scrypt,PoW,137517654.41397,166386000,-0.16460984821338534,-1.1601630259369973,0.005410966794515084,PesetaCoin,2
KORE,X13,PoW/PoS,2022464.886973,12000000,-0.2736074119543246,1.7681901622568392,-0.6933526021123242,Kore,0
WBB,Scrypt,PoW,181919.2435974,2628000,-0.1674487630805466,-1.160202191798955,0.005487700479220011,Wild Beast Coin,2
NOTE,Scrypt,PoS,174646113.934655,500000000,-0.2844109469408079,0.8734278169218089,-0.2873976719363495,Dnotes,0
FLO,Scrypt,PoW,152270664.860648,160000000,-0.1644749284315871,-1.1601516885046024,0.005405912969152018,Flo,2
8BIT,Scrypt,PoW/PoS,1467841.0,0,-0.334715461942659,0.9106799216284323,-0.5844240215757347,8BIT Coin,0
STV,X13,PoW/PoS,7096834.0,10000000,-0.2735596121201271,1.7681940033897832,-0.6933543665350186,Sativa Coin,0
ABY,Scrypt,PoW,792537250.0,1000000000,-0.15069686058690798,-1.159991859141168,0.005037994608671964,ArtByte,2
FLDC,Stanford Folding,PoW,719416990.0,1000000000,-0.12327329984707039,-2.2327669531062115,0.4198415460545866,Folding Coin,2
U,X11,PoS,2689812.0,20000000,-0.35362952450115565,1.0837517896447106,-0.20610713275859252,Ucoin,0
UIS,Multiple,PoW,65113302.0,0,-0.13155015954396468,-1.770927683439641,0.39092195901040816,Unitus,2
CYP,QuBit,PoW,6365285.0,0,-0.18434202544272246,-1.4994303726833327,0.25703730103432626,CypherPunkCoin,2
OMC,Scrypt,PoW,10140044.443029301,3371337,-0.16732185253661758,-1.1601960420004485,0.005483617012582103,OmniCron,2
VTR,Scrypt,PoW/PoS,11604722.0,20000000,-0.3344498017673885,0.9106804594587282,-0.5844307378205594,Vtorrent,0
GRE,Scrypt,PoW,4610340640.89,10000000000,-0.04023524238214402,-1.160225687058902,0.0023133023669276455,GreenCoin,2
XCN,M7 POW,PoW,708506520.0,1840000000,-0.12088701048335329,-2.01117053126521,0.4243024137794853,Cryptonite,2
MSC,Scrypt,PoW,619478.0,619478,-0.16745766249929336,-1.1602013145932353,0.005487792541945467,MasterCoin,2
SOON,SHA-256,PoW,12462620.0,21000000,-0.14329545317407236,-1.2563049455608306,0.17635363302740975,SoonCoin,2
1CR,Scrypt,PoW,88213.0,92000000000,0.4849852709672435,-1.1875593943937375,-0.006748464223675032,1Credit,2
ISL,X11,PoW/PoS,1513704.0,0,-0.3984289196123599,1.1209711980398285,-0.5032661494307964,IslaCoin,0
NXS,SHA3,PoW/nPoS,63657220.0,78000000,-0.40458463012208157,1.1661942801961647,0.12574522941812946,Nexus,0
MARS,X11,PoW,32221574.820996,33000000,-0.2305560204881525,-0.9498994786145235,0.08662873111718611,MarsCoin ,2
CTO,Lyra2RE,PoW,13742738.0,65789100,-0.14901505558096412,-2.19456373267147,0.41853998293485983,Crypto,2
ACP,SHA-256,PoW,14747200.0002,53760000,-0.14303521664831823,-1.25631322577018,0.17634836160962258,Anarchists Prime,2
DRZ,QUAIT,PoW/PoS,8568038.35935056,5060000,-0.4157995671852788,1.7145431024616582,-0.7167195094106884,Droidz,0
BSC,X11,PoW,15863837.5,21000000,-0.2308409335468823,-0.9499063752707214,0.08663687249883416,BowsCoin,2
SQL,X11,PoS/PoW,329200.01639,0,-0.3840058289086818,0.7152369998358514,-0.07407600308765104,Squall Coin,0
SONG,Scrypt,PoW,32565300.0,210240000,-0.1655808375233361,-1.1602432114172494,0.0054471291012930636,Song Coin,2
ZNY,Scrypt,PoW,75614500.0,250000000,-0.16477301637990122,-1.160227493497288,0.005424615274205106,BitZeny,2
DIGS,Scrypt,PoS,100000000.0,100000000,-0.28815950780014987,0.8734990085689343,-0.2873146009852137,Diggits,0
EXP,Ethash,PoW,10495278.0,16906397,-0.14687928159619296,-2.0104518823980873,0.3877247222656396,Expanse,2
CON,X13,PoW/PoS,23042604.0,50000000,-0.2730811583574109,1.7681923101596462,-0.6933660672418804,Paycon,0
SC,Blake2b,PoW,33098296530.0,0,0.3553985857648128,-2.0940760220438723,0.5172971314009654,Siacoin,2
EMC,SHA-256,PoW/PoS,43059794.804778,1000000000,-0.30324251684331116,0.8143040146504195,-0.4137003799083284,Emercoin,0
EGC,X15,PoW/PoS,13530556.4180753,26298000,-0.23909579412722573,1.8998068664968346,-0.6957450421778015,EverGreenCoin,0
MND,X11,PoW,15867695.0,16000000,-0.23087634587390266,-0.9499048859591318,0.08663753598529762,MindCoin,2
I0C,SHA-256,PoW,20997476.865023103,21000000,-0.14319119957100906,-1.2562994852720764,0.17635021792908778,I0coin,2
DCR,BLAKE256,PoW/PoS,10365046.928166099,21000000,-0.07879354441831386,0.8381308112993447,-0.4474342894306194,Decred,0
RVR,Scrypt,PoW,210000000.0,210000000,-0.16341516792941782,-1.1601296238278773,0.005376163118982386,Revolution VR,2
HODL,1GB AES Pattern Search,PoW,11448949.0,81962100,-0.16005668036726964,-2.137147452554299,0.4243846545896223,HOdlcoin,2
EDRC,SHA-256,PoW/PoS,3669691.84494672,22000000,-0.3106595361989656,0.8145696409338243,-0.41355453866871306,EDRCoin,0
HTC,X11,PoW/PoS,10996318099.0,26550000000,-0.07583730230164314,1.1201101310439914,-0.511196869053369,Hitcoin,0
GAME,Scrypt,PoW,69836100.0,84000000,-0.16602085338173136,-1.1601818270949906,0.005449006412097755,Gamecredits,2
DBIC,SHA-256,PoW/PoS,5129014.0,10500000,-0.3107232672500426,0.8145739942951942,-0.41355359302619266,DubaiCoin,0
DIEM,SHA-256,PoW,21739971929.0,21626280000 ,0.2753291582960798,-1.248829215978459,0.16478605570016508,CarpeDiemCoin,2
PWR,NIST5,PoW/PoS,10069449031.9252,0,-0.24122457347759754,1.4630502674359602,-0.6202757741756114,PWR Coin,0
BLRY,Scrypt,PoW/PoS,8998743.2411911,42000000,-0.3343256123328723,0.9106722501366944,-0.5844326212081571,BillaryCoin,0
GPU,Scrypt,PoS,40477042.0,221052632,-0.2880280911425125,0.8734249306922673,-0.2873068844689368,GPU Coin,0
ADZ,X11,PoW,45110324.0,84000000,-0.2300368975693286,-0.9499063986707362,0.08661679056658911,Adzcoin,2
SOIL,Dagger,PoW,5702048.0,30000000,-0.15747604106691407,-2.1409575062480197,0.4302914184951449,SoilCoin,2
YOC,Scrypt,PoW,636462.55983338,168351300,-0.1662679195175164,-1.160251181927793,0.005465476407583076,YoCoin,2
SIB,X11GOST,PoW,17263355.0,24000000,-0.14957431119846315,-2.2633102832583067,0.34719935820632025,SibCoin,2
ERC,X11,PoW/PoS,10407269.788186802,384000000,-0.39559699887254957,1.120862698221042,-0.5033207823641604,EuropeCoin,0
ZEIT,Scrypt,PoS,36971236046.8073, 99000000000,0.8636119032011988,0.8676781062021338,-0.3152223806987198,ZeitCoin,0
SWING,SHA-256,PoW/PoS,4377081.60953993,40000000,-0.31052324139842424,0.8145647408585509,-0.41355721582834454,SwingCoin,0
SAFEX,Scrypt,PoC,2147483647.0,2147483647,-0.049805693221985026,0.40731509637941415,-0.023818502697666572,SafeExchangeCoin,0
NEBU,PoS,PoS,20000000.0,20000000,-0.3599185820576094,1.938922283285813,-0.1462706374238505,Nebuchadnezzar,0
FRN,Scrypt,PoW,6570807.65677618,20000000,-0.16724752226318054,-1.1602032703119614,0.005482833478649323,Francs,2
BOLI,X11,PoW,13654082.4987998,25000000,-0.23083955823152064,-0.9499089784659809,0.08663722467603559,BolivarCoin,2
XRA,X11,PoW/PoS,134554941.15118998,75000000,-0.39627192411379486,1.1210340102939522,-0.5033293593885454,Ratecoin,0
REV,SHA-256,PoW/PoS,1195525.0,222725000,-0.30926623876065257,0.81450836871207,-0.4135802462957635,Revenu,0
CKC,SHA-256,PoW/PoS,16662820.0,525000000,-0.30693360432061423,0.8144283769847311,-0.4136266396957448,Clockcoin,0
VIP,NIST5,PoW/PoS,83450403.0,90000000,-0.3625656586553898,1.4566348281560164,-0.6162919932106923,VIP Tokens,0
BSD,X11,PoW/PoS,24387724.5010828,139000000,-0.3971637399634677,1.1209444977452372,-0.5032937899696258,BitSend,0
OMNI,Scrypt,PoW,616448.0,616448,-0.1674577209992839,-1.1602013156306903,0.005487794157364038,Omni,2
LIR,POS 3.0,PoS,38589808.6658096,33500000,-0.3265198785659762,1.7246601666281323,-0.1920166840366752,Let it Ride,0
PUT,Scrypt,PoW/PoS,813092338.575672,2000000000,-0.310617659048116,0.9106044317676453,-0.5850147932588678,PutinCoin,0
IBANK,Scrypt,PoW/PoS,4526324.0,44333333,-0.3343636953656223,0.9106686949864119,-0.5844311419821999,iBankCoin,0
FRWC,Scrypt,PoW/PoS,100000000.0,100000000,-0.33280269892102643,0.9107132220200547,-0.5844767483797996,Frankywillcoin,0
MUDRA,X13,PoS,5000000.0,200000000,-0.22759457493861118,1.7309219484003826,-0.39621665126239125,MudraCoin,0
PIZZA,X11,PoW,1377917.0,25000000,-0.23098951206264998,-0.9499168323069391,0.08664213680436504,PizzaCoin,2
LC,X11,PoS,657000000.0,657000000,-0.34111956703949964,1.0839809694451086,-0.20645367024422698,Lutetium Coin,0
KMD,Equihash,dPoW/PoW,115898131.0,200000000,-0.2676487100118476,-1.6672295249291993,0.06469706118240987,Komodo,2
GB,X11,PoW/PoS,15563873.0,50000000,-0.39790270179530446,1.1209653183862103,-0.5032784217005746,GoldBlocks,0
CTC,Scrypt,PoW/PoS,43165500.0,90000000,-0.3335678534054982,0.9106798350764491,-0.5844526768247278,CarterCoin,0
KRB,CryptoNight,PoW,7822432.72439746,10000000,0.3072615088307846,-2.2043422786604414,0.42043778058014625,Karbo,2
BXT,SHA-256,PoW/PoS,595429.0,21000000,-0.3107041803265128,0.8145679715018198,-0.4135531755413385,BitTokens,0
ZYD,SHA-256,PoW,6243840.0,9736000,-0.14345129885078337,-1.2563055745469605,0.17635761956095258,ZayedCoin,2
MST,X11,PoW/PoS,657636.34549789,3000000,-0.39841810084358587,1.120969758252883,-0.5032662059058186,MustangCoin,0
ZNE,Scrypt,PoW/PoS,2581970.0,21000000,-0.3345529231388814,0.9106743896637995,-0.5844272605041224,ZoneCoin,0
COVAL,Multiple,PoW,1000000000.0,1200000000,-0.11162021560133117,-1.770686419667778,0.3903882705557547,Circuits of Value,2
ROOT,Scrypt,PoW/PoS,1939889.0,0,-0.3347096958582832,0.9106802236274493,-0.5844242104588477,RootCoin,0
DOPE,Scrypt,PoW,116845228.0,200000000,-0.16462397592561515,-1.160186247150943,0.005414767700433119,DopeCoin,2
BTCR,Scrypt,PoS,169598616.0,0,-0.2880185469741796,0.8735732720878134,-0.28732914925519487,BitCurrency,0
DLC,SHA-256,PoW,9106714.0,10638298,-0.1434099297378318,-1.2563040113002741,0.17635635401268895,DollarCoin,2
SCN,Scrypt,PoW/PoW,665200057.0,3100000000,-0.24986451171562987,0.1680436607550348,-0.43396074350482633,Swiscoin,0
SH,Scrypt,PoW,11119200.0,30000000,-0.16712104458367205,-1.1602033341045723,0.005479683445911561,Shilling,2
BUZZ,SHA-256D,PoW/PoS,19577787259.0,20000000000,0.046698277349235096,1.8729796291865628,-0.7909198903231931,BuzzCoin,0
XPO,PoS,PoS,74033806.79496829,74000000,-0.3588755950182956,1.9389407942239243,-0.146299440586315,Opair,0
PSB,Scrypt,PoW/PoS,33522957.0,0,-0.3343239074746155,0.9107004293173339,-0.5844368479622334,PesoBit,0
HALLO,X11,PoW/PoS,264678458.28861898,1500000000,-0.3845765181136087,1.1206935080979659,-0.5035709599593978,Halloween Coin,0
XZC,Lyra2Z,PoW,7568281.24956067,21400000,-0.16139823970494727,-2.1558407646224405,0.4589442351231373,ZCoin,2
CFC,PoS,PoS,148716816.0,39999898,-0.35820446416402096,1.9389986842447686,-0.14632480168422413,CoffeeCoin,0
ROYAL,X13,PoS,2500124.0,2500124,-0.22902575827812524,1.7309790793606825,-0.3961893823055764,RoyalCoin,0
GNJ,X14,PoW/PoS,100000000.0,100000000,-0.41192929482106483,1.6581391683819489,-0.7957348566581469,GanjaCoin V2,0
TEAM,PoS,PoS,17818682.1654,301000000,-0.35795240604338907,1.938837327142481,-0.1463071392865765,TeamUP,0
LANA,SHA-256D,PoW/PoS,1082162635.5368302,7506000000,-0.26783254987136923,1.864862131170012,-0.7818573593325214,LanaCoin,0
ELE,Ethash,PoW,26205539.0,26205539,-0.14662143167145725,-2.010444596822777,0.3877171991924964,Elementrem,2
ZCL,Equihash,PoW,5613550.0,21000000,-0.15186908127987195,-2.051344872235828,0.32224710429856357,ZClassic,2
ARK,DPoS,DPoS,108202084.0,125000000,3.7214416579382243,1.4167561891901108,-0.0216906749824408,ARK,0
INSANE,X11,PoW/PoS,18342813.0,30000000,-0.39801059472303174,1.1209730436250287,-0.503276873532886,InsaneCoin,0
KLC,Scrypt,PoW,196297971.0,10000000000,-0.09415294243134996,-1.1630496298539899,0.004079517073664082,KiloCoin,2
ATX,X11,PoW,824000000.0,500000000,-0.21757250443324602,-0.9495317989861307,0.08624979874369984,ArtexCoin,2
EMB,X13,PoW/PoS,92192822723.0,850000000,0.8584497427219075,1.8269212639173122,-0.7303528634035812,EmberCoin,0
XEN,X11,PoW/PoS,3853326.77707314,3853326.77707314,-0.39837301366368455,1.1209715489858403,-0.5032675981122503,XenixCoin,0
FRE,PoS,PoS,50000000.0,50000000,-0.3593393742309315,1.9389325551245697,-0.14628663166561137,FreeCoin,0
PLNC,Scrypt,PoW/PoS,17089600.0,38540000 ,-0.33425132014508835,0.9106784552662882,-0.5844353984455708,PLNCoin,0
ARCO,Scrypt,PoW/PoS,2449577.41533168,42000000,-0.33440561064393964,0.9106680602203229,-0.584430000655103,AquariusCoin,0
KURT,X11,PoW,61364813.0,228000000,-0.2288171163043881,-0.9499388207427828,0.08659113370662493,Kurrent,2
XCRE,PoS,PoS,20000000.0,20000000,-0.3599185820576094,1.938922283285813,-0.1462706374238505,Creatio,0
ENT,X11,PoW/PoS,6069482.07721352,60000000,-0.39794775725052484,1.1209562705353124,-0.5032759527186852,Eternity,0
EUC,SHA-256,PoW/PoS,12416554.0,20000000,-0.31056687672178723,0.8145758315932773,-0.4135577725858613,Eurocoin,0
BCF,Scrypt,PoW/PoS,20244023.640728,33000000,-0.33425207780641614,0.9106821207737964,-0.584435923788896,BitcoinFast,0
XSN,X11,TPoS,75590369.0,76500000,-0.386617352210707,0.5013356057290003,-0.03284776562783585,Stakenet,0
BCCOIN,Scrypt,PoW/PoS,11080722.3769581,28000000,-0.3343994673283783,0.9106777452730414,-0.5844315921977403,BitConnect Coin,0
MONEY,Scrypt,PoW/PoS,10914418.0,650659833,-0.3299856641317332,0.9104924793072667,-0.5845143431454467,MoneyCoin,0
XNG,X11,PoW/PoS,814671.0,5000000,-0.3984019988806623,1.1209692639804207,-0.5032665347529365,Enigma,0
XCI,CryptoNight,PoW,978145.0,21000000,0.3072559163768048,-2.204349928441137,0.42043905615594884,Cannabis Industry Coin,2
RC,Scrypt,PoW/PoS,8377873.0,144000000,-0.33360982357739755,0.9106415213151232,-0.5844459393877073,Russiacoin,0
PND,Scrypt,PoS,33813143821.8337,32514916898,0.35353083601247004,0.8854282599178886,-0.30511580144559924,PandaCoin,0
UNITS,Scrypt,PoW/PoS,3472983.0,13000000,-0.3345987744954537,0.9106773386512,-0.5844265529819833,GameUnits,0
GAKH,Scrypt,PoW/PoS,3315789.0,3315789,-0.3346693739786047,0.9106801178658654,-0.58442520202496,GAKHcoin,0
ASAFE2,Quark,PoS,10517772.7391666,15000000,-0.3526213031232757,1.6518864454133957,-0.24465050679744185,Allsafe,0
LTCR,QuBit,PoW/PoS,30227750.0,78835200,-0.35075522296864703,0.5714419597801622,-0.33289428978882113,LiteCreed,0
OS76,Scrypt,PoW,894026.0,2714286,-0.16743945273851857,-1.1602017618778988,0.005487404063546255,OsmiumCoin,2
BIC,CryptoNight,PoW,9357088.0,25000000,0.3073866330432676,-2.204345757375325,0.4204351714202942,Bikercoins,2
HXX,Lyra2RE,PoW,1876146.4435959999,9999999,-0.14955565657949826,-2.194554734547323,0.41855215146316677,HexxCoin,2
KED,Scrypt,PoW/PoS,23965372.0,500000000,-0.3308947090879329,0.9105456303543142,-0.5844995266327602,Klingon Empire Darsek,0
IOP,SHA-256,PoW/PoS,2526078.47525448,21000000,-0.3106805973693255,0.8145692066606266,-0.41355394806252843,Internet of People,0
KUSH,X11,PoW/PoS,5659096.95728771,9354000,-0.39831194594625685,1.1209710685231804,-0.5032690522873414,KushCoin,0
PRX,Scrypt,PoW/PoS,11821728.0,20000000,-0.3344471510307981,0.9106805982912172,-0.5844308246523409,Printerium,0
PAC,X11,PoW,536982074.0,100000000000,0.4845645465760144,-0.9793036122245888,0.07313054805838917,PacCoin,2
IMPCH,Scrypt,PoW/PoS,308179.0,21933333,-0.3345740784885966,0.9106726574315573,-0.584426474818749,Impeach,0
CTL,CryptoNight-V7,PoW,10969318.522954,185000000,-0.14730807376218455,-2.1275300550401486,0.43591219988570756,Citadel,2
ZBC,Scrypt,PoS,2922613.96424908,55000000,-0.28966444680254577,0.8734502836070298,-0.2872697716171466,Zilbercoin,0
FRST,Scrypt,PoW/PoS ,110000000.0,110000000,-0.26922550433345943,0.352166839637898,-0.2771406287943787,FirstCoin,0
BVC,Scrypt,PoW,3115258.0,3360000,-0.16740774097246539,-1.1602005328301974,0.005486429386168481,BeaverCoin,2
FIND,X13,PoS,14524851.4827,14524851.4827,-0.228793597735737,1.7309831965627416,-0.3961957931855252,FindCoin,0
VLTC,X11,PoW,30385540.0,1000000000,-0.2237205907647515,-0.9501882088144459,0.08650084898045975,VaultCoin,2
ZER,Equihash,PoW,6921653.89980891,17000000,-0.15188147029792542,-2.0513428458839114,0.3222471129038817,Zero,2
CHAT,Scrypt,PoW/PoS,1000000000.0,1000000000,-0.31542646412069436,0.9110213771827477,-0.5849565756326275,OpenChat,0
CDN,Scrypt,PoW,99843408.3158479,100000000 ,-0.16554084273398104,-1.1601673874182739,0.005434871329981189,Canada eCoin,2
ZOI,Lyra2RE,PoW,18545757.5,21000000,-0.14927402585337526,-2.1945473409972913,0.4185440182956627,Zoin,2
RNS,Scrypt,PoS,36050365.0,34426423,-0.2894056955872262,0.8734775954672133,-0.28728029079376494,RenosCoin,0
DBIX,Dagger-Hashimoto,PoW,2232901.0,2232901,-0.17128087432868658,-2.235793179803072,0.4551262816913866,DubaiCoin,2
XVP,X11,PoW/PoS,13162749.085802699,100000000,-0.3975774371504555,1.1209489137980666,-0.5032841112257666,VirtacoinPlus,0
TAJ,Blake2S,PoW/PoS,12184195.9258495,36900000,-0.4225641293734134,2.0761111588936245,-0.7163354634233954,TajCoin,0
IMX,X11,PoW/PoS,110630387.85047099,110000000,-0.3963159473217614,1.1210082963352892,-0.5033244415378635,Impact,0
EB3,Scrypt,PoW,64096052.0,4000000000,-0.138319129765046,-1.1613499953553872,0.0049304517236298615,EB3coin,2
ATMOS,PoS,PoS,111135836.889,110290030,-0.3581650274258759,1.9389537392230582,-0.14631911321340438,Atmos,0
HPC,X11,PoW/PoS,21521322.0099142,100000000,-0.39747533686247366,1.1209542613068126,-0.5032874557866442,HappyCoin,0
CXT,NIST5,PoW,10123200.0,48252000,-0.1964936564790827,-0.6142801786087025,-0.02634554261508995,Coinonat,2
MCRN,PoS,PoS,401421401.0,400000000,-0.3525645871187746,1.9390533026036831,-0.14647379990567266,MacronCoin,0
RAIN,X11,PoW/PoS,121665451.643876,500000000,-0.39341531676606883,1.1208993823560311,-0.5033807293963606,Condensate,0
IMS,Scrypt,PoW/PoS,5368934.0,21212121,-0.3345173759283685,0.9106761095831137,-0.5844284038804282,Independent Money System,0
ARGUS,Scrypt,PoW/PoS,1148324.0,28600000,-0.33451653682088217,0.9106712124671811,-0.5844276976971919,ArgusCoin,0
LMC,Scrypt,PoW/PoS,500000.0,1000000000,-0.32763539485142584,0.9103819336986724,-0.5845566403054445,LomoCoin,0
PROC,SHA-256,PoS,100545745.0,75000000000,0.26690267600704537,0.7551212918040542,-0.1264036784662567,ProCurrency,0
XGR,X11,PoW/PoS,17171382.0,40000000,-0.3979539849044433,1.1209693204989846,-0.5032777348618515,GoldReserve,0
BENJI,Scrypt,PoW,20276099.146523997,35520400,-0.16697004264462195,-1.1601991174503496,0.005475285200149129,BenjiRolls,2
GRW,Scrypt,PoS,295135466.361878,2000000000,-0.2723013309331072,0.87305884848464,-0.28764539298668745,GrowthCoin,0
ILC,SHA-256,PoW,1317747500.0,2500000000,-0.1097705548481707,-1.2562070492205357,0.17550162047958323,ILCoin,2
PHR,PoS,PoS,11390225.974277198,30000000,-0.35995283188359545,1.9389138013803988,-0.14626852240849236,Phreak,0
DEA,Scrypt,PoW/PoS,21358764.0,105000000,-0.333727845180252,0.9106614233945214,-0.5844459462677642,Degas Coin,0
HTML5,X15,PoW/PoS,40659020000.0,90000000000,0.8954739491514028,1.899054995180354,-0.7239757830982539,HTML5 Coin,0
USC,SHA-256,PoS,10343113.0,200084200,-0.26467187554986304,0.7773067402188188,-0.11641874781273409,Ultimate Secure Cash,0
EQT,Scrypt,PoW,13673406.4325268,72000000,-0.16679198550354593,-1.1602141895039708,0.005473075165631856,EquiTrader,2
QTUM,POS 3.0,PoS,100000000.0,100000000,-0.3252981400910444,1.7246796795975854,-0.19205010132664482,QTUM,0
QRL,CryptoNight-V7,PoW,69036016.8340164,105000000,-0.14716613796575748,-2.127469116594555,0.43589960582422155,Quantum Resistant Ledger,2
ESP,536,PoW/PoS,22801882871.0,50000000000,0.6013744213341251,1.848627594927279,-0.8680248603000393,Espers,0
DYN,Argon2d,PoW,19784224.6512734,0,-0.14864367883521654,-2.2230873125715775,0.4255293962385592,Dynamic,2
NANO,Blake2b,PoW,133248297.0,340282367,-0.04485749443008189,-2.1152670415926926,0.530442354397402,Nano,2
CHAN,Cloverhash,PoW,18407259.0885883,30000000,-0.14827832152313192,-2.246037667591905,0.46903394607887733,ChanCoin,2
DCY,CryptoNight,PoW,1809467143.0,2000000000,0.34338152759852814,-2.2037814161703775,0.4194521968282361,Dinastycoin,2
DNR,NIST5,PoW/PoS,4171382.0,10000000,-0.3641014060738012,1.4566078978419503,-0.6162496303885463,Denarius,0
DP,X11,PoW,35138975.0,100000000,-0.23004522774986924,-0.9499175358743824,0.08661865236030443,DigitalPrice,2
VUC,NIST5,PoW/PoS,62942075.0,120000000,-0.3626034119871684,1.4566127866168526,-0.6162877772826842,Virta Unique Coin,0
BTPL,Skein,PoW/PoS,6804362.0,100000000,-0.40673627447744193,1.8905583285288083,-0.7241150276089914,Bitcoin Planet,0
UNIFY,Scrypt,PoW,18133195.0,19276800,-0.16711141611386962,-1.1601956580630453,0.005478303148161301,Unify,2
BRIT,X13,PoW/PoS,21268092.0,30000000,-0.2732446718754872,1.7681971222666877,-0.693362697076877,BritCoin,0
SOCC,Scrypt,PoW,5167775.0, 75000000,-0.16687460644891522,-1.1602205232015856,0.005476079551832282,SocialCoin,2
ARC,X11,PoW,26042364.373555303,60000000,-0.23044001876885806,-0.9499114608029916,0.08662761247607552,ArcticCoin,2
DAS,X11,PoW,2622886.0,18900000,-0.2310175652434621,-0.9499142218720642,0.08664244998478518,DAS,2
LINDA,Scrypt,PoW/PoS,9044930943.24243,50000000000,0.13034525106578868,0.9015971609936503,-0.594692931112761,Linda,0
XLC,CryptoNight,PoW,14161803.0,54000000,0.30765098761064813,-2.2043513071881606,0.420429391709843,LeviarCoin,2
ONION,X13,PoW/PoS,21917018.0492836,18898187.6216583,-0.2733154780434576,1.768200838757766,-0.6933614801275331,DeepOnion,0
BTX,Time Travel,PoW,17801865.1605478,21000000,-0.1574598919631885,-2.0829059712673783,0.47431170569192466,Bitcore,2
GCN,Scrypt,PoW,163055097500.0,200000000000,3.2426324912940068,-1.1153585968273032,-0.08635719244424771,gCn Coin,2
SMART,Keccak,PoW,2241009149.22257,5000000000,-0.11328110101759944,-1.2514391583054283,0.07722252274485297,SmartCash,2
SIGT,SkunkHash v2 Raptor,PoS,107972766.0,137500000,-0.33664238943676117,1.6875236309587844,-0.1852636370072229,Signatum,0
ONX,X11,PoW,122475638.389743,1100000000,-0.22188651775988102,-0.9501590298172012,0.0864506998728609,Onix,2
CRM,Skein,PoW/PoS,47331802.477423795,100000000,-0.40624123024184106,1.8905842565005337,-0.7241312440723903,Cream,0
BCH,SHA-256,PoW,17995589.6469082,21000000,-0.14322786773820004,-1.2563014057695463,0.1763514190904152,Bitcoin Cash,2
XMCC,X11,PoW/PoS,12569262.535930699,9507271,-0.39822645102843524,1.1209754438159647,-0.5032718376751358,Monoeci,0
DFT,Scrypt,PoS,18663297.348979898,17405891.19707116,-0.2897387870111131,0.8734715332323977,-0.2872710697797803,Draftcoin,0
VET,VeChainThor Authority,Proof of Authority,55454734800.0,86712634466,4.404845818145752,0.1860490372852954,6.432461616598695,Vechain,2
SOJ,Scrypt,PoW,485214.0,10500000000,-0.09299885809488091,-1.1633235880527386,0.0040913656899337885,Sojourn Coin,2
STCN,PoS,PoS,4000000.0,61599965,-0.35981900032269076,1.9388996765427629,-0.14626976830235852,Stakecoin,0
NYC,Scrypt,PoW,143006669741.68698,0,1.579362318163167,-1.0687110983393964,-0.051733907456350876,NewYorkCoin,2
FRAZ,Scrypt,PoW,9704042.0,20000000,-0.16720924968583242,-1.1602012657834115,0.0054815797606881465,FrazCoin,2
KRONE,Scrypt,PoW,17453749.4042601,84000000,-0.16666070579787579,-1.160215339403914,0.005469966444638142,Kronecoin,2
ACC,Scrypt,PoW,32646731.063036,100000000,-0.16636165271688738,-1.160210377390681,0.005461759098968347,AdCoin,2
LINX,Scrypt,PoW,33716526.0,100000000,-0.16634858513081277,-1.1602096929750714,0.005461331036148886,Linx,2
XCXT,Scrypt,PoW/PoS,19539588.0,48252000,-0.3341525170190159,0.9106771346336491,-0.5844376705267312,CoinonatX,0
ETHD,Scrypt,PoW/PoS,4200000.0,4200000,-0.3346523025808839,0.910680420614959,-0.5844256734344431,Ethereum Dark,0
SUMO,CryptoNight,PoW,8946653.0,88888888,0.3078347124856272,-2.204365018514761,0.42042683804460973,Sumokoin,2
ODN,SHA-512,PoS,25000000.0,91388946,-0.32711677878687473,1.9496150777065129,-0.08456115830588903,Obsidian,0
ADA,Ouroboros,PoS,25927070538.0,45000000000,0.6736301075121135,1.7215904045600503,-0.21042376336671145,Cardano,0
REC,X11,PoW/PoS,7262402.04264803,27000000,-0.39816721803461796,1.1209668468902427,-0.5032720408502807,Regalcoin,0
BTCZ,Equihash,PoW,5211553258.01514,21000000000,0.06050241713197641,-2.054252801534159,0.31737369074355315,BitcoinZ,2
TZC,NeoScrypt,PoW/PoS,182638400.0,400000000,-0.33720606199752345,0.49044503073114315,-0.29773281304702826,TrezarCoin,0
ELM,X11,PoW,2702855668.85288,1800000000,-0.18540275447435997,-0.9487163553223584,0.08532509429242408,Elements,2
TER,Scrypt,PoW/PoS,1140734.91680375,15733333,-0.3346078784999255,0.9106750337565244,-0.5844259833166573,TerraNovaCoin,0
VIVO,NeoScrypt,PoW,4165967.57499639,27000000,-0.17476761533684607,-1.5804387401094038,0.29229976837903765,VIVO Coin,2
RUP,Lyra2REv2,PoS,24000000.0,24000000,-0.3172239925073877,0.8682617422456221,-0.029038992265060164,Rupee,0
BTG,Equihash,PoW,17202361.088994,21000000,-0.15172752350914964,-2.0513374581390407,0.3222424672050623,Bitcoin Gold,2
WOMEN,Scrypt,PoW/PoS,48459472454.0,25000000000,0.43449815056856167,0.9342473592439686,-0.6071389343154477,WomenCoin,0
MAY,SHA-256,PoW/PoS,92050800.0,100000000,-0.30902679021641366,0.8146029891672845,-0.41360027754610235,Theresa May Coin,0
NAMO,NIST5,PoW/PoS,560563220.0,1200000000,-0.34886571021650287,1.4566099881556624,-0.6166305395929618,NamoCoin,0
LUX,PHI1612,PoW/PoS,8305775.31777569,60000000,-0.39778461424569916,1.8229804533420961,-0.5281826775782608,LUXCoin,0
PIRL,Dagger,PoW,33986980.0,156306732.71,-0.15623478617364897,-2.1409769702587513,0.4302633011397791,Pirl,2
XIOS,Scrypt,PoW/PoS,2149688.0,21000000,-0.334558203480046,0.9106741131056124,-0.5844270875327934,Xios,0
BTDX,Quark,PoW/PoS,30711550.5294042,200000000,-0.395705826954413,1.6890585648867618,-0.5418453405467503,Bitcloud 2.0,0
EBST,Scrypt,PoW,99990001.493466,100000000,-0.1655390520927093,-1.1601672936333292,0.005434812672862123,eBoost,2
KEK,POS 2.0,PoS,12330806.30517,21000000,-0.33487401519061205,1.821546119434538,-0.1840396450612221,KekCoin,0
BLHC,Scrypt,PoW/PoS,16362544.992,14788275.991,-0.33442864574732073,0.9106850531433835,-0.5844319484033923,BlackholeCoin,0
XIN,SHA-256,PoS,8999999990.0,9000000000,-0.09245484418790398,0.7804411734811215,-0.12118626929287322,Infinity Economics,0
PURA,X11,PoW,175215859.0,350000000,-0.2265612109273717,-0.9499022620007456,0.08652935114172376,Pura,2
INN,NeoScrypt,PoW,6375259.04,45000000,-0.1746129747495868,-1.5804426793229893,0.29229649025537624,Innova,2
ELLA,Ethash,PoW,12756367.0,280000000,-0.14498583159796108,-2.010528671649547,0.3876888244968889,Ellaism,2
GBX,NeoScrypt,PoW,5832306.875,31800000,-0.1747132198698902,-1.580439101416519,0.29229846318891756,GoByte,2
MAG,X11,PoW/PoS,38198594.8342105,144000000,-0.39695958020755445,1.120951846590423,-0.5032999812176657,Magnet,0
TAU,DPoS,DPoS,288090567.493887,500000000,3.7262984611345846,1.4167597619740666,-0.021812531980750036,Lamden Tau,0
ECA,NIST5,PoW/PoS,28399150208.0,30000000000,0.19543010667863228,1.465855876537395,-0.6316003163082579,Electra,0
BCD,X13,PoW/PoS,183534024.88980702,210000000,-0.26998604722349734,1.7682474076927635,-0.6934515664994974,Bitcoin Diamond,0
XSH,Multiple,PoW,481730566.566176,660000000,-0.12178051677973342,-1.7708574103449886,0.3906674717386176,SHIELD,2
CNBC,Scrypt,PoW/PoS,110976977.29338,210000000,-0.3318885068998525,0.9106875341265339,-0.58449577131663,Cash & Back Coin,0
XUN,CryptoNight,PoW,19281821413.4924,85000000000,1.1454338157312651,-2.2172848494596895,0.4014213916892313,UltraNote,2
COAL,CryptoNight,PoW,4500000.0,12500000,0.3072386549112388,-2.2043451476530347,0.42043877748808345,BitCoal,2
DAXX,Ethash,PoW,520891780.0,10000000000,-0.06984577403708044,-2.0130940093855494,0.3861926832404531,DaxxCoin,2
BWK,NIST5,PoS,13247178.880728599,27716121,-0.31922171297781404,1.4193942225326002,-0.31909347089186874,Bulwark,0
KLKS,Quark,PoS,16955764.902064003,20000000,-0.35250720335622326,1.6518890773612278,-0.24465374789596417,Kalkulus,0
AC3,X11,PoW,80316207.0,550000000,-0.22630203594523612,-0.950022449069627,0.08654072265202072,AC3,2
LTHN,CryptoNight-V7,PoW,441250233.377,999481516,-0.13627596317574875,-2.1274969784164495,0.4356316983357368,Lethean,2
GER,Scrypt,PoW/PoS,4911500269.41,50000000000,0.07985523728179468,0.8989527434736322,-0.593038999197875,GermanCoin,0
LTCU,Scrypt,PoW/PoS,8419402.321,150000000,-0.33356676495931675,0.9106397636716184,-0.5844467540410413,LiteCoin Ultra,0
POP,Scrypt,PoW,3964201248.87125,4999999999,-0.08358730630782299,-1.159152219668073,0.0032368755935860503,PopularCoin,2
PNX,X11,PoW/PoS,45174214.1078625,50000000,-0.39754101034608047,1.120984261997699,-0.5032902698461065,PhantomX,0
PHO,BLAKE256,PoW,30089671530.5228, 90000000000,1.0940112116390859,-1.2402630015071234,0.11847372582613636,Photon,2
SUCR,X11,PoW,4229040.50393462,19800000,-0.23099156330438597,-0.9499134619451193,0.08664168760012114,Sucre,2
SPK,NeoScrypt,PoW,7847417.33355824,21000000,-0.1747651976230667,-1.5804346006402719,0.29229909333666765,SparksPay,2
WAGE,Quark,PoS,27299680.0,120000000,-0.35167166310704195,1.6518659581451114,-0.244671187462231,Digiwage,0
GUN,NeoScrypt,PoW,299797953.0,500000000,-0.1678019956852286,-1.580390261009659,0.292118563721158,GunCoin,2
IRL,Scrypt,PoW,45483049.3398182,64000000,-0.16646016461316757,-1.1601914599098362,0.005461411049583313,IrishCoin,2
TROLL,Scrypt,PoW/PoS,591022748.0,900000000,-0.32113132582780246,0.9107894653935441,-0.5847796287586864,Trollcoin,0
LCP,Scrypt,PoW/PoS,2504486.227718,4000000,-0.33467443172432676,0.9106793953611099,-0.5844249683981708,Litecoin Plus,0
MONK,X11,PoS,4407252.0,21000000,-0.3536014540165579,1.0837525910311647,-0.20610795297312207,Monkey Project,0
PCOIN,X11,PoW,8478104.33969947,23000000,-0.23091696678132648,-0.9499116951297081,0.08663956178009447,Pioneer Coin,2
UBTC,SHA-256,PoW,20166000.0,20166000,-0.14320727072840048,-1.256299769214984,0.17635066155941306,UnitedBitcoin,2
ITZ,C11,PoW,11916588.09471,23000000,-0.19225585958499586,-1.1761651498978118,0.12442171952552496,Interzone,2
TPAY,POS 3.0,PoS,20445861.534425102,25000000,-0.3268017886332909,1.7246510864297422,-0.192008293450249,TokenPay,0
MCT,Ethash,PoS,1618033.0,1618033,-0.26971671870816055,0.023213280352907213,0.09498089815235246,1717 Masonic Commemorative Token,0
MBC,Scrypt,PoW and PoS,9399342.52839847,30000000,-0.31176381959641375,0.12824127316554929,-0.30429352376879115,My Big Coin,0
TRTL,CryptoNight,PoW,53139835213.77,1000000000000,8.048089464417854,-2.467716130190337,0.26617311457473136,TurtleCoin,2
MUN,SkunkHash,PoW,4818338.98949984,16600000,-0.11206222105422711,-2.0072991883662215,0.365790665924073,MUNcoin,2
USX,Scrypt,PoW/PoS,234846265.78215697,232000000,-0.3302194172382457,0.9107602390471595,-0.5845482619352305,Unified Society USDEX,0
NBR,CryptoNight,PoW,133932467.77410801,336000000,0.31111390364638575,-2.204358540289378,0.4203439595364022,Niobio Cash,2
SSS,Scrypt,PoW,10000000000.0,10000000000,0.02559965284308274,-1.1567775804470293,0.00015670889099776635,ShareChain,2
TRF,Dagger,PoW,107325266.02778299,100000000,-0.1557382773202064,-2.140913307247853,0.4302414450288697,Travelflex,2
KREDS,Lyra2REv2,PoW,643795911.540095,1100000000,-0.17940171100791133,-1.1653279996063388,0.26331930065751563,KREDS,2
TOKC,X13,PoS,230298925.0,800000000,-0.2205874063684439,1.7308876651546157,-0.3963866049350026,Tokyo Coin,0
BBP,Proof-of-BibleHash,POBh,1772091549.88818,5200000000,-0.18907163043545563,0.9879630352765237,16.07481844892245,BiblePay,3
LCC,SHA-256 + Hive,PoW + Hive,638382332.208514,840000000,-0.37565261489333684,3.5016378326347137,14.309754398713936,LitecoinCash,3
FLIP,Scrypt,PoW,12446100.00278,40000000,-0.16703391755632374,-1.160205458889966,0.0054778224462834115,BitFlip,2
LOT,Scrypt,PoW,14491014421.0,18406979840,0.14007893619987902,-1.1564043669521793,-0.0027584836744066104,LottoCoin,2
CIF,X11,PoW,211297638.500483,500000000,-0.22505668721474018,-0.9499237835111312,0.08649496264506275,Crypto Improvement Fund,2
SPD,C11,PoW/PoS,11251342.1879021,19340594,-0.3595537066519281,0.8947160219518873,-0.4654890846150025,Stipend,0
POA,Proof-of-Authority,PoA,204479039.0,252460800,-0.4081142605149529,6.886158296585166,12.38110289874229,Poa Network,3
PUSHI,X11,PoW/PoS,2167827.1,25000000,-0.39824363224102166,1.1209641823053111,-0.50326973631853,Pushi,0
ELP,XEVAN,PoW/PoS,419275.38,60000000,-0.32215324317876587,1.3898986827065836,-0.511999792983888,Ellerium,0
VLX,Scrypt,PoS,25570013.1348022,124000000,-0.2888984675932991,0.8734442541402513,-0.28728801105696034,Velox,0
ONT,VBFT,PoS,650848625.0,1000000000,-0.30285661091258037,1.9208412130166301,-0.10176113978254504,Ontology,0
CLO,Ethash,PoW,247612453.0,6500000000,-0.09800550404051776,-2.01222805289568,0.38676755296190146,Callisto Network,2
TUBE,CryptoNight,PoW,80049082.9057215,1000000000,0.31516473053841565,-2.204590465748762,0.4202772042037761,BitTube,2
PSD,Scrypt,PoW,4070212.1493015997,21000000,-0.1672709752436457,-1.1602051674701002,0.005483701049423055,Poseidon,2
ADK,IMesh,PoW,25000000.0,25000000,-0.1657110003094149,-2.190236560029464,0.41011765163639646,Aidos Kuneen,2
BSX,NIST5,PoW/PoS,13787854.6277781,50000000,-0.3637002649205816,1.4566021553592239,-0.6162587985195053,Bitspace,0
BRIA,Scrypt,PoW/PoS,845637.81347436,3000000,-0.33470178651046323,0.9106786314594058,-0.5844241716282085,Briacoin,0
IC,Scrypt,PoW/PoS,1182153.5,5000000,-0.33468349217986865,0.9106782520123328,-0.5844245722920395,Ignition,0
BTL,Equihash,PoW,71355477.0,70000000,-0.15071853855095055,-2.0513173840276253,0.3222142813327828,Bitrolium,2
MEDIC,Scrypt,PoS,267297676.3125,500000000,-0.2832792045624535,0.8734870919971985,-0.287434745105848,MedicCoin,0
ALPS,Lyra2Z,PoW,27340501.6514783,300000000,-0.15918092091578281,-2.1559109620112835,0.458899268087113,Alpenschillling,2
BITG,Green Protocol,PoS,9803691.3618195,21000000,-0.3517716813028501,1.5686853733538513,-0.16833341860708026,Bitcoin Green,0
DEV,PoS,PoS,21876586.8530324,88000000,-0.35941341100460794,1.9389032627829783,-0.14628043272047772,Deviant Coin,0
ABJ,Scrypt,PoW/PoS,9880502.37178894,30000000,-0.3343999442830376,0.9106763826787696,-0.5844313779592294,Abjcoin,0
SEM,Semux BFT consensus,DPoS,1231147.0,100000000,3.9215772976090086,1.4356824818474936,0.030640634366564952,Semux,0
FTO,X11,PoW,31801461.1867843,100000000,-0.230085995608757,-0.9499196710934524,0.0866199878177119,FuturoCoin,2
CARE,Quark,PoW/PoS,139739596.506702,200000000,-0.3943740452024932,1.6891283170364182,-0.5418889665269804,Carebit,0
NZL,PoS,PoS,11075254.0929996,80000000,-0.3596020848118693,1.9388987314359007,-0.14627504667695165,Zealium,0
XMC,CryptoNight,PoW,16016864.0,18400000,0.30742117599242297,-2.2043395340609284,0.4204333844477758,Monero Classic,2
PROTON,X16R,PoS,4403800.0,45000000,-0.32097928034082274,0.7954270668813891,-0.12958615408360064,Proton,0
DEAL,Scrypt,PoW/PoS,1404157529.46026,5121951220,-0.2812572426621187,0.9100542029212179,-0.5856665375974939,iDealCash,0
JUMP,NIST5,PoW,21069346.252259802,21000000,-0.19655321705129186,-0.614265071772417,-0.02634629787620882,Jumpcoin,2
INFX,Lyra2RE,PoW,5097689.71077377,26280000,-0.14940084934027117,-2.1945575146853535,0.418548697071913,Infinex,2
XBI,XEVAN,PoS/PoW,10904963.0923455,21000000,-0.3078641843200755,0.9841835480446055,-0.08280912906361534,Bitcoin Incognito,0
KEC,Tribus,PoW,795447.0,18000000,-0.14791239380814047,-2.0379799514268213,0.37176986321584193,KEYCO,2
HWC,Scrypt,PoS,38706809.466534995,26000000,-0.2894330062756209,0.8734818007178609,-0.28728023296642696,HollyWoodCoin,0
GIN,Lyra2Z,PoW,6986399.70430446,10500000,-0.16148264900371556,-2.155837895569664,0.4589459177199079,GINcoin,2
PLTC,CryptoNight,PoW,84300.0,600000518,0.31135120560775226,-2.204522676945235,0.42036240327372376,PlatinCoin,2
LOKI,CryptoNight Heavy,PoW,19153632.0,150000000,0.5859923641884434,-2.1057365820301865,0.44354235877017834,Loki,2
NCP,CryptoNight,PoW,41294520017.0,184000000000,2.1164168124563894,-2.23264143662551,0.3794457381232342,Newton Coin,2
SIC,Scrypt,PoW/PoS,10200000000.0,10200000000,-0.13780273060618936,0.9141714077347195,-0.589861476439314,Swisscoin,0
XT3,Scrypt,PoS,7630000.0154,44000000,-0.2896849566842409,0.8734565662763195,-0.2872701921429544,Xt3ch,0
MGD,Jump Consistent Hash,PoW,135862416.039898,168000000,-0.12941341176931026,-2.05049618766554,0.4094407140010384,MassGrid,2
VIG,SHA-256D,PoW/PoS,33238183.7225834,100000000,-0.33316773437222813,1.8663933806247597,-0.7804526051178982,TheVig,0
PLURA,CryptoNight,PoW,560085952.404637,1000000000,0.3210283992606864,-2.204283355745443,0.4200851244614417,PluraCoin,2
EMAR,Scrypt,PoW/PoS,21599339.6728,84000000,-0.3338738362146343,0.9106678220495753,-0.5844432494046662,EmaratCoin,0
DKD,X15,PoS,30284196.369129,90000000,-0.19379618912094754,1.862584428427288,-0.39859807125558366,Dekado,0
LYNX,Scrypt,HPoW,77872059787.8998,92000000000,2.279039613307625,0.397899985665725,-0.4171909218014874,Lynx,0
POSQ,Quark,PoS,2716264.95302831,650000000 ,-0.3482132491299368,1.651692625144271,-0.24473184394623348,Poseidon Quark,0
BWS,SHA-256,PoS,57811001.000889,100262205,-0.264799980021143,0.7773667923755433,-0.11642446447086123,BitcoinWSpectrum,0
MUSE,DPoS,PoS,18194936.0,18081806 ,1.0183973268097855,1.5335571411637354,-0.08247198570123015,Muse,0
XMN,X16R,PoW,8125865.02097646,22075700,-0.1984758139326619,-1.2382300307131324,0.1631648153131426,Motion,2
PLUS1,HMQ1725,PoW,8645406.16776286,21000000,-0.16572736806058108,-2.1185372238136257,0.4432474217207863,PlusOneCoin,2
AXE,X11,PoW,4993030.69736615,21000000,-0.23097372086778337,-0.9499133300146703,0.08664122229340679,Axe,2
TRVC,X16R,PoW/PoS,36923120.6205934,82546564,-0.3649589706407486,0.8326509198280736,-0.4267663075275681,Trivechain,0
DTEM,Quark,PoS,7082392.24744494,21000000,-0.3526207150915484,1.6518824633703668,-0.2446499302160951,Dystem,0
GIC,Quark,PoW/PoS,5919489.76813523,5151000,-0.39739051046430257,1.689100645836251,-0.5418095042801888,Giant,0
PNY,Scrypt,PoS,1042012.45227735,16880000000,-0.17036638084735686,0.8684458514074309,-0.28950684502397395,Peony Coin,0
ABS,Lyra2REv2,PoW/PoS,13332617.9413708,52500000,-0.3617953672629133,0.9054606560873869,-0.3262006619334325,Absolute Coin,0
VITAE,Quark,PoS,66053877.6256106,100000000,-0.3513401168868239,1.6518966990358324,-0.2446840342684583,Vitae,0
HEX,Scrypt,PoW,1416663.06600024,22105263,-0.1672955500443461,-1.160207193784259,0.0054846158217259485,HexCoin,2
TPC,Scrypt,PoW/PoS,5403802.49590733,1000000000,-0.3275754947163688,0.9103850709718624,-0.5845586024903925,TPCash,0
WEBC,CryptoNight-V7,PoW,15580199.3087496,1750000000,-0.1361529449130244,-2.1279924872464893,0.43570220052356334,Webchain,2
RYO,Cryptonight-GPU,PoW,4890897.0,88188888,-0.13769439966351732,-2.0640493485863978,0.4522683740583231,Ryo,2
URALS,XEVAN,PoW,14746153.0962884,210000000,-0.15365068746309293,-0.6810172660496969,0.07788608047757216,Urals Coin,2
QWC,CryptoNight Heavy,PoW,99553110528.8022,184470000000,3.1089804917368826,-2.096869409015679,0.3791996342284717,Qwertycoin,2
ARE,X11,PoS,19269509.94,55000000,-0.3531787867309353,1.0837519888221485,-0.2061184220924749,ARENON,0
EUNO,X11,PoW/PoS,30771125.976086702,50000000,-0.3977169446185263,1.1209750474295581,-0.5032845066607491,EUNO,0
MMO,Scrypt,PoS,107763867.917675,260000000,-0.28692996956759786,0.873456396608718,-0.2873389885431129,MMOCoin,0
KETAN,PoS,PoS,9327131.59708692,210000000,-0.3587014925852337,1.938858955114899,-0.14629163797089617,Ketan,0
PPAI,SHA-256,PoW,2100000000.0,2100000000,-0.10305206636205184,-1.255587645232046,0.1752418159654595,Project Pai,2
XDNA,Keccak,PoW/PoS,4672513.84432375,366000000,-0.3407256225630758,0.8193886314421395,-0.5111778470735737,XDNA,0
PAXEX,X11,PoS,4504639.0,100000000,-0.3530400051754485,1.0837291612052966,-0.2061184994148827,PAXEX,0
AZART,X11,PoW,5015881.37315389,25000000,-0.2309450741886803,-0.9499145048706071,0.08664068112605401,Azart,2
TSC,Scrypt,PoW/PoS,1059954080.4343901,18000000000,-0.19413200453180085,0.9060044650177963,-0.5872416673338344,ThunderStake,0
KCASH,SHA-512,Zero-Knowledge Proof,1000000000.0,1000000000,-0.31200802681185175,2.391662007604163,0.09321729822159036,Kcash,0
XCG,X16R,PoW,9753753.61515394,100000000,-0.19790329870136475,-1.2382521615005952,0.16315379953807346,Xchange,2
AAC,ECC 256K1,DPOS,1000000000.0,1000000000,-0.3572205596984125,3.3185072133991835,9.39174594437456,Acute Angle Cloud,3
CRYP,Equihash,PoW,4235111504.0,7600000000,-0.046456172943384014,-2.0508927520738904,0.3195466800121899,CrypticCoin,2
BTXC,XEVAN,PoS,6787405.18013774,50000000,-0.2775031840018612,1.3526915170390226,-0.21483886364346316,Bettex coin,0
ACM,Lyra2Z,PoW,13634850.0,84000000,-0.16088018406505553,-2.155855498737155,0.45893348149883306,Actinium,2
BSV,SHA-256,PoW,17992514.6469233,21000000,-0.14322790529944246,-1.2563014077368184,0.17635142032083145,Bitcoin SV,2
BITM,XEVAN,Pos,208515864.36734298,70000000000,0.5084731157673201,1.1024131658477745,-0.3279029067421704,BitMoney,0
JMC,X11,PoS,17209923728.3266,0,-0.14358434182511678,1.0947662949052144,-0.21298969597656292,Junson Ming Chan Coin,0
FRED,CryptoNight,PoW,1867054873.2839699,8080000000,0.3872036509075614,-2.2055525755927294,0.418620477476364,FREDEnergy,2
HERB,Quark,PoW/PoS,35312185.7437239,54000000,-0.3966850458579822,1.6891049240407505,-0.5418277625481546,HerbCoin,0
UMO,Blake,PoW,1578281.31341127,105120001.44,-0.14170714495507758,-2.0969671358321564,0.46906749024449873,Universal Molecule,2
LIT,Blake,PoW,15846721.248274697,25228800,-0.14209943497264876,-2.0969342502610453,0.4690724069455623,Lithium,2
PIRATE,Equihash,PoS,13475920.0,105000000,-0.2737979012674583,-0.017698525348153707,0.02948337612495887,PirateCash,0
EXO,Exosis,PoW,406091.925,21000000,-0.16368815552257932,-2.136371034462762,0.482002901752906,Exosis,2
BLTG,Scrypt,PoW,35284717.173946,120000000,-0.1661875918295187,-1.1602146370786186,0.005458043427410996,Block-Logic,2
OWC,Scrypt,PoW/PoS,14777549.394076401,21000000,-0.33440395367010367,0.91068219194872,-0.5844321403870987,Oduwa,0
BEAM,Equihash,PoW,35687520.0,262800000,-0.1497869077517898,-2.0513975357730225,0.32220290978859106,Beam,2
GALI,Quark,PoW/PoS,18265011.248600602,19035999,-0.39714123857128153,1.6891044150839611,-0.5418162909484392,Galilel,0
BTH,Equihash,PoW,25150787.5,30886000,-0.15156032275883335,-2.0513353128143765,0.3222379718610342,Bithereum,2
CSPN,Quark,PoS,1934701.67524713,13370000,-0.3527377054441913,1.6518814389900105,-0.24464685560713675,Crypto Sports,0
CREDIT,Scrypt,PoW/PoS,30825710000.0296,74800000000,0.5722771551466023,0.9081569607463694,-0.6067067404707883,Credit,0
SLC,QuBit,PoW,12925790.4226959,100000000,-0.18355269968743915,-1.4994559123863564,0.2570213753441833,SLICE,2
DASHP,X11,PoS,715659.44237941,19700000,-0.3536557664169501,1.0837506158648478,-0.20610630292848006,Dash Platinum,0
NSD,Scrypt,PoW/PoS,20546528.2059957,84000000,-0.33388669634697093,0.9106671484993675,-0.5844428281375341,Nasdacoin,0
BEET,XEVAN,PoW/PoS,198938144.363399,500000000,-0.3166078963061455,1.3898948455605311,-0.5121377500486666,Beetle Coin,0
TTN,SHA-256D,PoW/PoS,896361168.0,5000000000,-0.2878743965052168,1.8654884682615804,-0.78144970056008,Titan Coin,0
AWR,X11,PoW/PoS,15420234.5389336,420000000,-0.3952804573013554,1.1208552000575838,-0.503327576444688,Award,0
BLAST,SHA-256,PoW,52293836.62779579,64000000,-0.1425039620992646,-1.2562922498634612,0.17633197588993835,BLAST,2
XRC,X13,PoW,1170292.5,2100000,-0.10642426201629988,-0.30268794823800993,-0.10343938731671307,Bitcoin Rhodium,2
GLT,SHA-256,PoW,84613099.9999955,168000000,-0.14137162457313496,-1.2563024995317642,0.176305211185023,GlobalToken,2
INSN,X11,PoW/PoS,23775960.3207514,30000000,-0.3979442286206916,1.1209765195536454,-0.5032790475274347,Insane Coin,0
ALX,DPoS,DPoS,1000000000.0,1000000000,3.7385404067361154,1.4170665311784503,-0.02216389514122215,ALAX,0
LDOGE,Scrypt,PoW/PoS,15318887081.0146,35000000000,0.10060352567558206,0.910071539397123,-0.5952082730721557,LiteDoge,0
SLR,Scrypt,PoW,55565076.3863525,98100000000,0.5289234477425032,-1.1893378516462116,-0.007581999062930402,SolarCoin,2
TRK,X11,PoW/PoS,242574105.22384,0,-0.3954843575908849,1.1211254196534666,-0.5033626062296298,TruckCoin,0
UFO,NeoScrypt,PoW,3824685012.0,4000000000,-0.09992375286188165,-1.5791759579927793,0.2902426106558688,UFO Coin,2
OC,Scrypt,PoW/PoS,3537150.0,200000000,-0.33327180739285955,0.9106217717484135,-0.5844514507789386,OrangeCoin,0
BLC,Blake,PoW,23356790.1494191,7000000000,-0.09254339390821256,-2.0990035245214127,0.4681417155028248,BlakeCoin,2
BITS,Scrypt,PoW/PoS,20576532.0,54256119,-0.33409727016106455,0.9106760125951274,-0.5844388840285626,BitstarCoin,0
NEOS,SHA-256,PoS,4392258.24647793,21000000,-0.2660146107911622,0.7773561871229578,-0.11639254739252258,NeosCoin,0
HYPER,Scrypt,PoW/PoS,9631199.99309942,0,-0.3346157462003109,0.9106851442464576,-0.5844272880246093,HyperCoin,0
PINK,X11,PoW/PoS,436353624.49031204,500000000,-0.38957138869797237,1.1211007083206554,-0.5035066472726664,PinkCoin,0
CESC,Scrypt,PoW,780210700.0,1000000000,-0.15084742986664676,-1.1599997452162836,0.005042926897623776,Crypto Escudo,2
ADC,Scrypt,PoW/PoS,980732528.97974,10500000000,-0.24828886860854094,0.9081840475254739,-0.5862124230084313,AudioCoin,0
NKA,SHA-256,PoW/PoS,17939725045.334,190000000,-0.09037849660113055,0.8259945141267817,-0.4207537342677045,IncaKoin,0
PIGGY,X11,PoW/PoS,494240666.028571,1000000000,-0.3853183516183776,1.1209890579589121,-0.5035963129254661,Piggy Coin,0
CRW,SHA-256,PoW,22986929.0854247,42000000,-0.1430179686606131,-1.2563044572369788,0.1763466287528978,Crown Coin,2
GEN,Scrypt,PoW/PoS,60000000.0,15000000,-0.3338941110420363,0.9107129078283709,-0.5844494374542465,Genstake,0
SMLY,Scrypt,PoW,29583989322.9213,50000000000,0.5484944037500628,-1.1561432111445735,-0.012999778296085597,SmileyCoin,2
MI,Scrypt,PoW/PoS,404316475.545465,400000000,-0.32695789474035625,0.9108187019305425,-0.5846384179720557,XiaoMiCoin,0
GRS,Groestl,PoW,73298203.8873662,105000000,-0.2011295745731428,-1.075897848353521,0.13904820195129577,Groestlcoin,2
CPC,X11,PoW/PoS,201364327.427503,208000000,-0.3945126236272731,1.1210372024492883,-0.5033737819863257,CapriCoin,0
CLUB,Scrypt,PoW/PoS,103621876.167052,160000000,-0.3323329442067453,0.9106976970393089,-0.5844861779804791, ClubCoin,0
RADS,PoS,PoS,3821245.74150193,9000000,-0.3601942169420784,1.938915203767681,-0.14626270066565744,Radium,0
BTA,Scrypt,PoW,5052555.91981545,5000000,-0.1673724461058116,-1.1601997811026943,0.005485436074865063,Bata,2
PAK,Scrypt,PoW,69684455.4387001,182000000,-0.1653277005738534,-1.1602110662481993,0.005436032502733659,Pakcoin,2
CRB,X11,Proof of Trust,16901016.6609755,16504333,-0.4074815931007368,0.4090531938791059,-0.150448312825224,Creditbit ,0
OK,SHA-256,PoW/PoS,74676064.9488608,105000000,-0.3092035638231139,0.8145903866046067,-0.4135939903296175,OKCash,0
LSK,DPoS,DPoS,120012140.0,159918400,3.7218335556515414,1.4167533611906564,-0.02170004496047437,Lisk,0
XHI,Scrypt,PoS,10000244677.7002,10008835635,-0.09695527490366217,0.8768862444527337,-0.29259397386297337,HiCoin,0
XWC,Scrypt,PoW/PoS,252005564.19257003,300000000,-0.32952756727900934,0.910750995863308,-0.5845641723856819,WhiteCoin,0
FSC,NeoScrypt,PoW/PoS,1120385.00502,60168145,-0.3418333613920609,0.49042995752564245,-0.2976149815896826,FriendshipCoin,0
J,Multiple,PoW,3332922.5,2800000,-0.1322849519525908,-1.7709680408956419,0.3909463071101633,JoinCoin,2
TRI,X13,PoW/PoS,140777.753365,120000,-0.2737146484795918,1.7681924911629827,-0.6933502690714539,Triangles Coin,0
VOLLAR,Equihash+Scrypt,PoW,100000000.0,2100000000,-0.13514557641289135,-2.138172937728307,0.5171343848896208,Vollar,2
EOS,DPoS,DPoS,1020544523.0722,0,3.7316994695652,1.4173770435522224,-0.02203910973492253,EOS,0
RCC,Ethash,PoW,24487944.095820397,24487944,-0.14665459315252227,-2.010445184918012,0.38771811491344743,Reality Clash,2
OXY,DPoS,DPoS,1122382283.37,0,3.7329434217025184,1.4174421956205112,-0.022079858627354464,Oxycoin,0
TCH,SHA-256,PoS,1000000000.0,1000000000,-0.2469102645131491,0.7777020164858042,-0.11692113816062565,TigerCash,0
WAVES,Leased POS,LPoS,100000000.0,100000000,-0.40342536820684305,2.7506122055592153,15.588810276067179,Waves,3
PART,PoS,PoS,9283137.5558676,8634140,-0.360130094363271,1.9389188068812993,-0.14626483750032163,Particl,0
BTT,TRC10,DPoS,989988713439.649,990000000000,34.05267987984653,2.222685655093357,-1.09132499189487,BitTorrent,1
NXT,PoS,PoS/LPoS,1000000000.0,1000000000,-0.400133690854237,2.652521134520596,-0.01564007050063697,Nxt,0
ZEPH,SHA-256,DPoS,1999999995.3056,2000000000,2.4735833013616406,0.6612176699871332,-0.05662273302527901,ZEPHYR,0
GAP,Scrypt,PoW/PoS,14931046.1546605,250000000,-0.3327780360502125,0.9106141927087397,-0.5844626601799332,Gapcoin,0
BDX,CryptoNight,PoW,980222595.0,1400222610,0.32899871886806065,-2.2041335814063707,0.41986378091272775,Beldex,2
ZEN,Equihash,PoW,7296537.5,21000000,-0.15184852352318556,-2.0513437955220803,0.3222464308756958,Horizen,2
XBC,Scrypt,PoS,128326.99633965,1000000,-0.29008154114726753,0.8734645538365836,-0.2872614712001812,BitcoinPlus,0
